{"cameraMode":{"drawMode":0,"name":"Shaded","section":"Shading Mode"},"sceneLighting":true,"audioPlay":false,"sceneViewState":{"m_AlwaysRefresh":false,"showFog":true,"showSkybox":true,"showFlares":true,"showImageEffects":true,"showParticleSystems":true,"showVisualEffectGraphs":true,"m_FxEnabled":true},"in2DMode":false,"pivot":{"x":46.73080825805664,"y":3.0968031883239748,"z":71.42008209228516},"rotation":{"x":0.04621223360300064,"y":0.9012823700904846,"z":-0.09936891496181488,"w":0.41914409399032595},"size":6.339145660400391,"orthographic":false}